timestamp_ms,temperature_c,pressure_kpa,pressure_voltage,vibration_raw,vibration_level,current_a,label
151134,29.50,1.02,0.601,3477,3.478,0.380,GOOD
151791,29.50,0.73,0.577,2867,2.868,0.380,GOOD
152447,29.50,1.07,0.609,2941,2.942,0.402,GOOD
153103,29.44,0.78,0.578,2941,2.942,0.000,GOOD
153759,29.44,0.92,0.590,2941,2.942,0.344,GOOD
154415,29.50,0.87,0.587,3094,3.095,0.381,GOOD
155071,29.50,0.97,0.597,3226,3.227,0.326,GOOD
155727,29.50,0.91,0.591,13106,13.107,0.371,GOOD
156384,29.50,1.00,0.601,9806,9.807,0.387,GOOD
157040,29.44,0.87,0.590,9806,9.807,0.368,GOOD
157696,29.44,1.08,0.608,3100,3.101,0.373,GOOD
158352,29.44,1.22,0.623,3298,3.298,0.355,GOOD
159009,29.50,0.85,0.581,14707,14.707,0.361,GOOD
159665,29.50,0.74,0.580,2754,2.755,0.401,GOOD
160322,29.50,0.91,0.597,592,0.593,0.307,GOOD
160978,29.44,1.00,0.598,2838,2.838,0.388,GOOD
161634,29.50,0.94,0.602,3075,3.075,0.336,GOOD
162291,29.50,0.84,0.588,2977,2.978,0.325,GOOD
162947,29.50,0.92,0.588,3258,3.258,0.400,GOOD
163604,29.50,0.84,0.585,3253,3.253,0.394,GOOD
164260,29.50,1.05,0.609,16498,16.499,0.349,GOOD
164916,29.50,1.07,0.601,3320,3.320,0.346,GOOD
165573,29.50,1.10,0.610,2760,2.761,0.403,GOOD
166229,29.44,0.99,0.601,3355,3.356,0.354,GOOD
166885,29.50,0.83,0.586,2912,2.912,0.337,GOOD
167542,29.50,1.09,0.610,8029,8.030,0.314,GOOD
168198,29.44,1.29,0.630,3075,3.076,0.394,GOOD
168854,29.50,0.92,0.590,3474,3.475,0.352,GOOD
169511,29.50,0.96,0.598,3068,3.069,0.308,GOOD
170167,29.50,0.98,0.594,15313,15.314,0.390,GOOD
170824,29.44,1.04,0.602,3315,3.315,0.392,GOOD
171480,29.50,1.02,0.598,2980,2.980,0.378,GOOD
172136,29.50,0.94,0.595,3026,3.027,0.338,GOOD
172792,29.50,1.05,0.606,3238,3.238,0.393,GOOD
173449,29.50,0.96,0.594,3168,3.168,0.400,GOOD
174105,29.50,1.12,0.622,3161,3.161,0.311,GOOD
174762,29.50,0.96,0.598,3015,3.016,0.350,GOOD
175418,29.44,0.93,0.588,3139,3.139,0.386,GOOD
176074,29.50,1.07,0.610,3335,3.335,0.368,GOOD
176730,29.44,0.89,0.585,3257,3.257,0.400,GOOD
177387,29.50,0.96,0.602,3167,3.167,0.344,GOOD
178043,29.50,0.94,0.592,3212,3.212,0.343,GOOD
178699,29.50,0.95,0.605,3045,3.046,0.393,GOOD
179355,29.50,0.96,0.592,3045,3.046,0.000,GOOD
180011,29.50,0.91,0.593,3290,3.291,0.344,GOOD
180668,29.50,1.04,0.602,3026,3.027,0.369,GOOD
181324,29.50,1.03,0.601,2828,2.828,0.395,GOOD
181980,29.50,0.88,0.588,3144,3.145,0.360,GOOD
182637,29.44,0.80,0.576,2879,2.880,0.396,GOOD
183293,29.50,0.96,0.595,2794,2.794,0.331,GOOD
183949,29.50,0.97,0.600,3303,3.304,0.336,GOOD
184605,29.50,1.22,0.612,2872,2.873,0.310,GOOD
185261,29.44,0.81,0.577,18425,18.425,0.350,GOOD
185918,29.44,1.00,0.602,3028,3.028,0.365,GOOD
186574,29.50,1.04,0.606,3081,3.081,0.409,GOOD
187230,29.50,0.97,0.599,3084,3.084,0.395,GOOD
187887,29.50,0.77,0.583,3235,3.236,0.368,GOOD
188543,29.50,0.79,0.576,3219,3.219,0.324,GOOD
189199,29.50,0.99,0.595,2828,2.828,0.322,GOOD
189855,29.50,1.26,0.631,3416,3.417,0.338,GOOD
190512,29.44,0.89,0.596,2721,2.722,0.378,GOOD
191168,29.50,1.02,0.603,3104,3.105,0.376,GOOD
191824,29.44,0.98,0.595,3150,3.151,0.345,GOOD
192480,29.50,1.01,0.601,12728,12.728,0.331,GOOD
193137,29.44,0.95,0.598,12728,12.728,0.311,GOOD
193793,29.50,1.05,0.605,3399,3.399,0.363,GOOD
194449,29.50,0.95,0.596,14229,14.229,0.358,GOOD
195106,29.50,0.96,0.598,3202,3.203,0.315,GOOD
195762,29.50,0.74,0.578,2938,2.939,0.319,GOOD
196418,29.44,0.95,0.591,2984,2.984,0.389,GOOD
197074,29.50,0.93,0.591,3112,3.112,0.333,GOOD
197731,29.50,1.00,0.601,3242,3.242,0.383,GOOD
198387,29.50,1.29,0.628,7876,7.876,0.329,GOOD
199043,29.50,0.91,0.594,9806,9.807,0.383,GOOD
199699,29.50,0.88,0.584,3099,3.100,0.311,GOOD
200355,29.50,0.98,0.595,3099,3.100,0.334,GOOD
201011,29.50,0.98,0.606,8563,8.564,0.401,GOOD
201668,29.50,0.84,0.583,2954,2.954,0.371,GOOD
202324,29.50,0.94,0.590,3283,3.283,0.376,GOOD
202980,29.50,1.00,0.606,3015,3.015,0.342,GOOD
203637,29.50,0.77,0.582,3271,3.272,0.395,GOOD
204293,29.50,1.07,0.610,3339,3.340,0.396,GOOD
204949,29.50,1.13,0.613,17583,17.584,0.324,GOOD
205605,29.50,0.77,0.579,3258,3.259,0.331,GOOD
206262,29.50,1.00,0.600,2934,2.935,0.401,GOOD
206918,29.50,0.80,0.581,2854,2.854,0.374,GOOD
207574,29.50,1.01,0.606,3542,3.543,0.325,GOOD
208230,29.50,0.94,0.595,3383,3.383,0.344,GOOD
208887,29.50,0.68,0.572,2773,2.774,0.359,GOOD
209543,29.56,0.93,0.603,3021,3.022,0.385,GOOD
210199,29.50,0.96,0.597,14980,14.980,0.353,GOOD
210855,29.50,1.00,0.599,3407,3.407,0.395,GOOD
211512,29.50,1.04,0.609,3348,3.349,0.393,GOOD
212168,29.50,0.71,0.564,2956,2.956,0.362,GOOD
212824,29.50,0.93,0.593,3186,3.186,0.333,GOOD
213480,29.50,1.00,0.604,3302,3.302,0.321,GOOD
214136,29.50,0.97,0.604,3473,3.474,0.406,GOOD
214793,29.50,0.97,0.595,14321,14.322,0.308,GOOD
215449,29.50,0.99,0.603,3317,3.318,0.307,GOOD
216105,29.50,1.06,0.603,2916,2.916,0.394,GOOD
216762,29.50,0.90,0.590,3219,3.220,0.382,GOOD
217418,29.50,1.02,0.605,3219,3.220,0.348,GOOD
444774,37.00,0.00,0.487,2896,2.897,0.901,MODERATE
445428,37.06,1.56,0.659,3367,3.368,0.380,MODERATE
446083,37.06,1.39,0.642,2783,2.783,0.393,MODERATE
446738,37.00,1.29,0.629,2898,2.898,0.389,MODERATE
447393,37.06,1.11,0.611,98,0.098,0.415,MODERATE
448047,37.06,1.15,0.603,3113,3.114,0.357,MODERATE
448702,37.06,1.26,0.623,2945,2.945,0.422,MODERATE
449357,37.06,1.27,0.626,3012,3.012,0.406,MODERATE
450011,37.06,1.24,0.624,2846,2.846,0.390,MODERATE
450666,37.06,1.31,0.623,2945,2.945,0.403,MODERATE
451321,37.06,1.24,0.622,3457,3.458,0.338,MODERATE
451975,37.06,1.15,0.617,11988,11.989,0.407,MODERATE
452630,37.06,1.75,0.675,4530,4.530,0.314,MODERATE
453285,37.13,1.74,0.665,3045,3.046,0.396,MODERATE
453940,37.06,1.84,0.682,3168,3.169,0.343,MODERATE
454595,37.06,1.24,0.626,4833,4.834,0.403,MODERATE
455249,37.06,1.16,0.613,2844,2.845,0.348,MODERATE
455904,37.06,1.16,0.627,2992,2.992,0.363,MODERATE
456559,37.06,1.32,0.634,2646,2.646,0.404,MODERATE
457214,37.06,1.15,0.616,3058,3.059,0.341,MODERATE
457868,37.06,1.46,0.640,3341,3.342,0.374,MODERATE
458523,37.06,1.14,0.615,3114,3.115,0.392,MODERATE
459178,37.06,1.40,0.639,2779,2.779,0.395,MODERATE
459833,37.06,1.03,0.605,3246,3.247,0.345,MODERATE
460488,37.06,1.14,0.613,3068,3.069,0.341,MODERATE
461142,37.06,1.39,0.634,3069,3.069,0.406,MODERATE
461797,37.06,1.01,0.606,3023,3.023,0.349,MODERATE
462452,37.06,1.28,0.621,2556,2.557,0.316,MODERATE
463107,37.06,1.07,0.607,3215,3.216,0.382,MODERATE
463761,37.06,1.14,0.612,3058,3.059,0.400,MODERATE
464416,37.06,1.17,0.622,2977,2.977,0.336,MODERATE
465071,37.06,1.15,0.615,2793,2.793,0.361,MODERATE
465726,37.06,1.06,0.604,3193,3.193,0.368,MODERATE
466380,37.06,1.09,0.612,2881,2.881,0.332,MODERATE
467035,37.06,1.25,0.624,10726,10.726,0.385,MODERATE
467690,37.00,1.30,0.631,3062,3.063,0.343,MODERATE
468345,37.06,1.10,0.609,2548,2.548,0.375,MODERATE
469000,37.00,1.23,0.621,2970,2.970,0.357,MODERATE
469654,37.06,1.14,0.616,2906,2.907,0.344,MODERATE
470309,37.00,1.29,0.633,3179,3.180,0.333,MODERATE
470964,37.00,1.10,0.610,3053,3.054,0.334,MODERATE
471619,37.06,1.27,0.622,2915,2.916,0.332,MODERATE
472273,37.00,1.25,0.632,3164,3.164,0.396,MODERATE
2172,37.00,1.32,0.628,3360,3.360,0.405,MODERATE
2826,37.00,1.14,0.614,2707,2.708,0.362,MODERATE
3481,37.00,1.10,0.609,3263,3.263,0.367,MODERATE
4136,37.00,1.26,0.621,3240,3.241,0.377,MODERATE
4791,37.00,1.42,0.636,3085,3.085,0.352,MODERATE
5446,37.00,1.10,0.602,266,0.267,0.405,MODERATE
6100,37.00,1.40,0.638,3187,3.187,0.350,MODERATE
6755,36.94,1.30,0.635,3081,3.081,0.360,MODERATE
7410,37.00,1.06,0.612,2859,2.859,0.325,MODERATE
8065,37.00,1.09,0.610,2977,2.977,0.344,MODERATE
8720,37.00,1.15,0.615,2957,2.958,0.317,MODERATE
9374,37.00,1.16,0.625,3393,3.394,0.376,MODERATE
10029,37.00,1.35,0.631,2853,2.853,0.344,MODERATE
10684,37.00,1.10,0.615,2786,2.787,0.384,MODERATE
11339,36.94,1.15,0.612,3088,3.089,0.379,MODERATE
11994,37.00,1.16,0.614,8215,8.215,0.411,MODERATE
12649,37.00,0.90,0.599,3140,3.141,0.382,MODERATE
13304,37.00,1.15,0.614,2913,2.914,0.352,MODERATE
13959,36.94,1.15,0.614,2806,2.807,0.387,MODERATE
14614,37.00,1.17,0.615,3129,3.130,0.389,MODERATE
15269,36.94,0.99,0.601,2778,2.778,0.387,MODERATE
15924,36.94,1.38,0.638,2720,2.721,0.360,MODERATE
16578,37.00,0.96,0.593,2994,2.994,0.309,MODERATE
17233,36.94,1.14,0.612,2770,2.771,0.317,MODERATE
17888,36.94,1.26,0.622,2959,2.960,0.323,MODERATE
18543,37.00,1.16,0.617,3069,3.069,0.391,MODERATE
19198,37.00,1.29,0.630,3143,3.144,0.359,MODERATE
19853,36.94,1.10,0.617,3848,3.848,0.353,MODERATE
20508,36.94,1.04,0.598,3144,3.145,0.338,MODERATE
21163,36.94,1.25,0.615,2872,2.872,0.368,MODERATE
21818,36.94,1.14,0.612,2993,2.994,0.324,MODERATE
22473,36.94,1.26,0.609,9806,9.807,0.400,MODERATE
23128,36.88,1.29,0.625,4154,4.154,0.331,MODERATE
23782,36.94,1.08,0.607,3185,3.185,0.368,MODERATE
24437,36.94,1.00,0.599,3083,3.083,0.389,MODERATE
25092,36.94,1.04,0.606,2954,2.954,0.368,MODERATE
25747,36.94,0.99,0.598,3185,3.185,0.392,MODERATE
26402,36.88,1.22,0.616,2979,2.980,0.351,MODERATE
27057,36.94,1.16,0.609,2867,2.868,0.381,MODERATE
27712,36.94,1.06,0.603,2897,2.898,0.329,MODERATE
28366,36.88,1.17,0.622,2993,2.994,0.358,MODERATE
29021,36.88,1.22,0.622,3193,3.194,0.395,MODERATE
29676,36.94,1.26,0.623,3256,3.257,0.344,MODERATE
30331,36.88,1.27,0.617,3314,3.314,0.377,MODERATE
30986,36.94,1.25,0.629,9398,9.398,0.352,MODERATE
31641,36.88,1.17,0.614,9806,9.807,0.362,MODERATE
32296,36.88,1.14,0.615,2631,2.631,0.377,MODERATE
32951,36.88,1.14,0.610,3049,3.049,0.391,MODERATE
33605,36.88,1.43,0.644,3446,3.446,0.402,MODERATE
34260,36.88,0.96,0.592,3172,3.172,0.347,MODERATE
34915,36.88,1.14,0.609,3103,3.104,0.333,MODERATE
35570,36.88,1.16,0.621,3071,3.071,0.334,MODERATE
36225,36.88,1.02,0.603,3018,3.019,0.374,MODERATE
36880,36.81,1.08,0.607,3453,3.453,0.346,MODERATE
37535,36.88,1.09,0.609,2816,2.816,0.387,MODERATE
38190,36.88,1.15,0.616,3120,3.120,0.338,MODERATE
38845,36.88,1.09,0.607,3172,3.173,0.314,MODERATE
39500,36.88,1.25,0.622,3232,3.233,0.383,MODERATE
40155,36.88,1.21,0.631,3175,3.175,0.398,MODERATE
40810,36.88,1.12,0.606,2726,2.726,0.323,MODERATE
41465,36.88,1.14,0.622,5742,5.743,0.328,MODERATE
42120,36.88,1.12,0.612,2939,2.940,0.337,MODERATE
42775,36.81,1.34,0.633,3051,3.051,0.324,MODERATE
43430,36.88,1.39,0.635,2980,2.980,0.348,MODERATE
44085,36.81,1.10,0.600,3257,3.258,0.398,MODERATE
44740,36.81,1.36,0.631,3110,3.110,0.405,MODERATE
45394,36.88,0.95,0.606,2978,2.979,0.380,MODERATE
46050,36.81,1.21,0.640,7949,7.950,0.348,MODERATE
46705,36.81,1.24,0.624,3175,3.175,0.363,MODERATE
47360,36.88,1.13,0.605,3138,3.139,0.398,MODERATE
48015,36.81,1.07,0.604,3294,3.294,0.392,MODERATE
48670,36.81,1.24,0.623,3106,3.107,0.364,MODERATE
49325,36.81,1.01,0.606,3432,3.433,0.405,MODERATE
49980,36.81,1.23,0.622,3534,3.534,0.399,MODERATE
50634,36.81,1.41,0.641,10291,10.292,0.350,MODERATE
51289,36.81,1.09,0.607,2781,2.781,0.370,MODERATE
51945,36.81,1.11,0.606,3123,3.123,0.339,MODERATE
52599,36.81,1.28,0.631,3215,3.216,0.357,MODERATE
53255,36.81,1.09,0.613,3396,3.396,0.326,MODERATE
53910,36.81,1.15,0.624,2983,2.984,0.386,MODERATE
54565,36.81,1.07,0.606,3002,3.002,0.320,MODERATE
55220,36.81,1.23,0.622,2970,2.971,0.387,MODERATE
55875,36.81,1.10,0.603,2887,2.887,0.375,MODERATE
56530,36.81,1.12,0.609,3017,3.018,0.312,MODERATE
57185,36.81,0.94,0.594,3014,3.015,0.363,MODERATE
57840,36.81,1.33,0.628,2902,2.902,0.340,MODERATE
58495,36.81,1.15,0.616,2891,2.891,0.319,MODERATE
59150,36.75,1.08,0.607,3017,3.017,0.322,MODERATE
59804,36.81,0.99,0.602,13505,13.505,0.336,MODERATE
60459,36.75,1.15,0.613,2700,2.700,0.358,MODERATE
61115,36.75,1.28,0.622,3101,3.102,0.383,MODERATE
61769,36.75,1.23,0.622,2892,2.892,0.394,MODERATE
62425,36.75,1.08,0.615,3073,3.073,0.395,MODERATE
63080,36.75,0.98,0.602,2658,2.659,0.327,MODERATE
63735,36.75,0.99,0.596,3005,3.005,0.376,MODERATE
64390,36.75,1.04,0.602,3195,3.195,0.370,MODERATE
65045,36.75,1.15,0.614,3456,3.456,0.399,MODERATE
65700,36.75,1.14,0.607,3187,3.188,0.325,MODERATE
66355,36.81,1.16,0.624,3005,3.005,0.358,MODERATE
67010,36.75,1.16,0.621,2791,2.792,0.322,MODERATE
67665,36.69,1.14,0.614,3138,3.139,0.326,MODERATE
68320,36.75,0.82,0.594,3119,3.119,0.393,MODERATE
68974,36.75,1.09,0.609,14146,14.147,0.320,MODERATE
69629,36.75,0.91,0.595,3262,3.263,0.389,MODERATE
70285,36.75,1.07,0.616,2144,2.145,0.395,MODERATE
70940,36.69,0.92,0.591,343,0.344,0.330,MODERATE
71594,36.75,1.12,0.614,2805,2.805,0.349,MODERATE
72249,36.69,1.21,0.613,12205,12.206,0.336,MODERATE
72904,36.69,1.01,0.599,3035,3.036,0.343,MODERATE
73560,36.69,1.14,0.613,3084,3.084,0.402,MODERATE
74215,36.75,1.04,0.603,3164,3.164,0.364,MODERATE
74870,36.69,1.16,0.615,3546,3.546,0.375,MODERATE
75525,36.69,1.09,0.602,2734,2.735,0.329,MODERATE
76180,36.75,0.97,0.602,3066,3.066,0.357,MODERATE
76835,36.75,0.94,0.598,3229,3.230,0.353,MODERATE
77490,36.69,1.07,0.610,2926,2.927,0.379,MODERATE
78145,36.75,0.89,0.585,2744,2.744,0.384,MODERATE
78800,36.69,1.25,0.627,3040,3.040,0.360,MODERATE
79455,36.69,1.14,0.617,3039,3.040,0.321,MODERATE
80110,36.69,1.06,0.600,2937,2.938,0.311,MODERATE
80765,36.69,1.11,0.614,3076,3.077,0.360,MODERATE
81420,36.69,1.17,0.614,11027,11.027,0.333,MODERATE
82075,36.69,1.22,0.616,2793,2.794,0.306,MODERATE
82730,36.69,0.96,0.599,3276,3.276,0.372,MODERATE
83385,36.69,1.08,0.606,3276,3.276,0.312,MODERATE
84040,36.69,1.15,0.627,929,0.929,0.317,MODERATE
84694,36.69,1.33,0.629,8272,8.272,0.329,MODERATE
85349,36.63,1.03,0.603,8272,8.272,0.380,MODERATE
86004,36.63,1.25,0.626,8272,8.272,0.393,MODERATE
86659,36.69,1.09,0.599,3327,3.327,0.362,MODERATE
87314,36.69,0.89,0.591,3258,3.259,0.358,MODERATE
87969,36.69,1.01,0.599,3099,3.100,0.382,MODERATE
88624,36.63,1.07,0.608,3243,3.244,0.319,MODERATE
89279,36.69,0.99,0.601,3101,3.101,0.326,MODERATE
89934,36.63,1.08,0.609,3052,3.053,0.372,MODERATE
90589,36.63,1.11,0.623,2998,2.998,0.390,MODERATE
91244,36.63,1.08,0.604,2819,2.820,0.369,MODERATE
91899,36.63,1.07,0.612,15780,15.781,0.337,MODERATE
92554,36.69,1.12,0.611,3009,3.010,0.358,MODERATE
93209,36.63,1.08,0.613,2966,2.967,0.370,MODERATE
93864,36.63,1.39,0.644,3073,3.074,0.367,MODERATE
94519,36.69,1.01,0.603,3073,3.074,0.350,MODERATE
95174,36.63,1.13,0.606,2878,2.878,0.295,MODERATE
95829,36.63,1.10,0.604,2782,2.782,0.352,MODERATE
96484,36.63,1.07,0.610,3170,3.170,0.390,MODERATE
97138,36.63,1.10,0.601,3170,3.170,0.390,MODERATE
97793,36.63,0.94,0.594,2877,2.878,0.356,MODERATE
98448,36.63,1.13,0.600,3055,3.056,0.340,MODERATE
99103,36.63,1.13,0.608,3099,3.100,0.316,MODERATE
99758,36.63,1.10,0.607,3077,3.078,0.338,MODERATE
100413,36.63,1.09,0.604,3187,3.188,0.314,MODERATE
101068,36.63,1.10,0.609,2835,2.836,0.363,MODERATE
101723,36.56,1.05,0.602,3025,3.025,0.311,MODERATE
102378,36.63,1.04,0.600,2938,2.939,0.328,MODERATE
103033,36.63,1.07,0.601,3013,3.013,0.323,MODERATE
103688,36.56,1.15,0.611,3188,3.188,0.395,MODERATE
104343,36.56,0.93,0.579,3110,3.111,0.335,MODERATE
104998,36.63,0.96,0.598,3273,3.274,0.317,MODERATE
105653,36.56,1.00,0.605,3244,3.244,0.393,MODERATE
106308,36.56,1.15,0.607,2997,2.997,0.302,MODERATE
106963,36.56,1.27,0.630,9191,9.191,0.340,MODERATE
107618,36.56,1.04,0.600,3073,3.074,0.323,MODERATE
108273,36.56,1.16,0.614,2854,2.854,0.304,MODERATE
108928,36.56,1.13,0.610,2914,2.914,0.334,MODERATE
109583,36.56,1.04,0.614,3149,3.150,0.350,MODERATE
110238,36.56,1.09,0.606,2957,2.957,0.373,MODERATE
110893,36.56,1.10,0.614,3179,3.180,0.369,MODERATE
111527,36.56,0.84,0.581,3065,3.066,0.397,MODERATE
112182,36.56,0.99,0.598,3228,3.229,0.334,MODERATE
112825,36.56,0.90,0.595,3195,3.196,0.321,MODERATE
113480,36.56,0.94,0.589,7861,7.862,0.325,MODERATE
114135,36.56,1.04,0.613,3211,3.211,0.312,MODERATE
114790,36.56,0.94,0.598,7795,7.796,0.393,MODERATE
115445,36.56,1.03,0.607,9806,9.807,0.356,MODERATE
116100,36.56,0.98,0.593,2871,2.872,0.341,MODERATE
116755,36.50,0.98,0.601,3019,3.020,0.305,MODERATE
117410,36.50,0.96,0.596,2946,2.946,0.336,MODERATE
118065,36.50,0.98,0.607,13260,13.261,0.321,MODERATE
118720,36.50,1.10,0.612,1886,1.886,0.387,MODERATE
119375,36.50,0.98,0.597,3116,3.116,0.367,MODERATE
120030,36.50,1.22,0.622,2932,2.932,0.400,MODERATE
120685,36.50,1.04,0.598,3082,3.083,0.345,MODERATE
121340,36.50,0.97,0.598,3205,3.206,0.386,MODERATE
121995,36.50,1.01,0.605,2884,2.885,0.306,MODERATE
122650,36.50,0.97,0.591,1852,1.853,0.383,MODERATE
123305,36.50,1.09,0.611,2963,2.964,0.374,MODERATE
123960,36.50,1.01,0.603,3332,3.332,0.326,MODERATE
124615,36.50,1.01,0.606,3252,3.253,0.394,MODERATE
125270,36.50,0.94,0.584,2983,2.984,0.340,MODERATE
125925,36.50,1.03,0.600,3158,3.159,0.341,MODERATE
126580,36.50,1.06,0.600,2833,2.833,0.394,MODERATE
127235,36.50,1.09,0.632,6109,6.109,0.328,MODERATE
127890,36.50,1.14,0.612,2972,2.972,0.310,MODERATE
128545,36.44,0.91,0.597,3091,3.092,0.324,MODERATE
129200,36.50,0.96,0.598,3249,3.250,0.332,MODERATE
129855,36.50,0.73,0.598,2995,2.996,0.395,MODERATE
130510,36.50,1.05,0.606,12104,12.104,0.340,MODERATE
131165,36.50,1.11,0.611,2807,2.808,0.354,MODERATE
131820,36.50,0.97,0.596,12533,12.534,0.389,MODERATE
132476,36.44,1.06,0.608,3074,3.074,0.380,MODERATE
133131,36.44,0.97,0.599,2812,2.813,0.305,MODERATE
133786,36.50,1.04,0.610,3260,3.261,0.390,MODERATE
134441,36.44,1.16,0.609,3003,3.004,0.357,MODERATE
135096,36.44,0.98,0.595,2861,2.862,0.302,MODERATE
135751,36.44,1.25,0.624,3380,3.380,0.392,MODERATE
136406,36.50,1.11,0.615,7330,7.330,0.318,MODERATE
137061,36.44,1.03,0.603,9806,9.807,0.354,MODERATE
418389,52.88,0.65,0.564,2949,2.949,0.290,BAD
419041,52.88,0.47,0.546,3271,3.272,0.345,BAD
419693,52.88,0.64,0.561,3021,3.022,0.340,BAD
420345,52.88,0.30,0.532,2863,2.864,0.350,BAD
420997,52.88,0.39,0.538,3200,3.201,0.382,BAD
421649,52.88,0.44,0.541,2812,2.813,0.371,BAD
422301,52.81,0.54,0.549,2789,2.789,0.319,BAD
422953,52.81,0.51,0.551,3075,3.076,0.296,BAD
423605,52.81,0.42,0.544,3144,3.145,0.329,BAD
424257,52.81,0.38,0.537,3185,3.186,0.384,BAD
424909,52.81,0.42,0.542,3466,3.467,0.319,BAD
425561,52.75,0.34,0.534,3071,3.071,0.365,BAD
426213,52.75,0.57,0.558,3123,3.124,0.363,BAD
426865,52.75,0.42,0.539,3043,3.043,0.373,BAD
427517,52.75,0.47,0.543,2734,2.735,0.294,BAD
428169,52.75,0.41,0.537,3447,3.448,0.289,BAD
428821,52.75,0.55,0.556,3228,3.228,0.326,BAD
429473,52.75,0.52,0.548,2980,2.981,0.368,BAD
430125,52.75,0.52,0.554,3344,3.344,0.354,BAD
430777,52.75,0.32,0.529,2875,2.876,0.294,BAD
431429,52.75,0.30,0.531,3625,3.626,0.330,BAD
432080,52.69,0.43,0.540,3157,3.157,0.375,BAD
432732,52.69,0.37,0.535,3327,3.328,0.359,BAD
433384,52.69,0.48,0.552,3090,3.091,0.369,BAD
434036,52.69,0.39,0.542,3199,3.200,0.343,BAD
434688,52.69,0.44,0.539,3142,3.142,0.342,BAD
435340,52.69,0.54,0.557,3511,3.512,0.323,BAD
435992,52.63,0.46,0.544,2939,2.939,0.353,BAD
436644,52.63,0.37,0.541,3372,3.373,0.311,BAD
437296,52.63,0.59,0.559,3227,3.227,0.359,BAD
437948,52.63,0.32,0.531,3145,3.145,0.302,BAD
438600,52.63,0.52,0.547,3204,3.204,0.342,BAD
439252,52.63,0.57,0.563,2981,2.981,0.372,BAD
439904,52.63,0.30,0.528,2981,2.981,0.370,BAD
440556,52.63,0.37,0.539,2672,2.673,0.375,BAD
441208,52.63,0.49,0.552,3510,3.510,0.346,BAD
441860,52.63,0.44,0.540,2922,2.923,0.363,BAD
442512,52.63,0.51,0.560,2731,2.732,0.325,BAD
443164,52.56,0.43,0.539,3380,3.381,0.310,BAD
443816,52.56,0.45,0.547,3270,3.270,0.299,BAD
444468,52.56,0.60,0.558,2890,2.891,0.361,BAD
445120,52.56,0.49,0.545,3278,3.278,0.356,BAD
445771,52.56,0.30,0.533,3116,3.116,0.280,BAD
446423,52.56,0.43,0.541,3034,3.035,0.331,BAD
447075,52.50,0.44,0.544,3374,3.374,0.324,BAD
447727,52.56,0.44,0.543,2768,2.768,0.332,BAD
448379,52.50,0.53,0.554,11967,11.968,0.365,BAD
449032,52.50,0.66,0.548,3354,3.354,0.306,BAD
449684,52.50,0.55,0.553,2875,2.875,0.346,BAD
450336,52.50,0.60,0.561,3251,3.251,0.307,BAD
450987,52.50,0.47,0.548,835,0.835,0.295,BAD
451639,52.50,0.42,0.540,2708,2.709,0.329,BAD
452291,52.50,0.51,0.549,3458,3.459,0.307,BAD
452943,52.44,0.32,0.535,2729,2.730,0.312,BAD
453595,52.44,0.62,0.557,2729,2.730,0.301,BAD
454247,52.44,0.54,0.550,3097,3.098,0.367,BAD
454899,52.44,0.51,0.552,3076,3.076,0.316,BAD
455551,52.44,0.34,0.535,2676,2.676,0.338,BAD
456203,52.38,0.50,0.550,3073,3.073,0.359,BAD
456855,52.38,0.25,0.529,2926,2.926,0.339,BAD
457506,52.38,0.54,0.558,3392,3.392,0.328,BAD
458158,52.44,0.36,0.537,3120,3.121,0.372,BAD
458810,52.38,0.43,0.538,3321,3.321,0.301,BAD
459462,52.38,0.35,0.538,2956,2.956,0.346,BAD
460114,52.31,0.47,0.546,1899,1.899,0.340,BAD
460766,52.31,0.49,0.552,2810,2.810,0.304,BAD
461418,52.31,0.60,0.554,2777,2.777,0.323,BAD
462070,52.31,0.39,0.542,3282,3.283,0.303,BAD
462722,52.31,0.36,0.526,3303,3.303,0.345,BAD
463374,52.25,0.43,0.543,3447,3.448,0.317,BAD
464026,52.31,0.65,0.568,2891,2.891,0.297,BAD
464678,52.25,0.59,0.558,3834,3.834,0.368,BAD
465329,52.25,0.56,0.559,3009,3.009,0.357,BAD
465981,52.25,0.47,0.546,2814,2.815,0.302,BAD
466633,52.25,0.66,0.567,3156,3.157,0.352,BAD
467285,52.25,0.38,0.541,3365,3.366,0.349,BAD
467937,52.25,0.37,0.540,3411,3.412,0.363,BAD
468589,52.19,0.71,0.567,2840,2.840,0.341,BAD
469241,52.19,0.54,0.553,2811,2.812,0.342,BAD
469893,52.19,0.35,0.539,2855,2.856,0.290,BAD
470545,52.19,0.54,0.548,3387,3.387,0.328,BAD
471197,52.19,0.47,0.551,3360,3.360,0.293,BAD
471849,52.19,0.47,0.552,9830,9.830,0.360,BAD
472501,52.19,0.61,0.557,2724,2.724,0.340,BAD
473153,52.13,0.50,0.554,2959,2.960,0.309,BAD
473805,52.13,0.45,0.556,3221,3.221,0.300,BAD
474457,52.13,0.50,0.551,2160,2.160,0.333,BAD
475109,52.13,0.51,0.549,3234,3.234,0.353,BAD
475761,52.13,0.49,0.553,3089,3.089,0.367,BAD
476413,52.13,0.49,0.551,3254,3.254,0.356,BAD
477065,52.06,0.29,0.533,3340,3.341,0.326,BAD
477717,52.06,0.39,0.536,3377,3.377,0.330,BAD
478369,52.06,0.52,0.549,2778,2.778,0.359,BAD
479021,52.06,0.44,0.540,3046,3.047,0.338,BAD
479673,52.06,0.43,0.543,2998,2.999,0.295,BAD
480325,52.06,0.32,0.536,3097,3.098,0.289,BAD
480977,52.06,0.37,0.536,3300,3.301,0.365,BAD
481629,52.00,0.51,0.547,3404,3.405,0.303,BAD
482281,52.00,0.38,0.533,2939,2.940,0.316,BAD
482933,52.00,0.47,0.551,3280,3.281,0.341,BAD
483585,52.00,0.52,0.554,2622,2.623,0.299,BAD
484237,52.00,0.43,0.549,2768,2.769,0.331,BAD
484889,52.00,0.61,0.561,2943,2.943,0.296,BAD
485541,51.94,0.51,0.554,3392,3.393,0.339,BAD
486193,51.94,0.29,0.532,2950,2.951,0.307,BAD
486845,51.94,0.47,0.549,3046,3.046,0.336,BAD
487496,51.94,0.55,0.558,13517,13.517,0.286,BAD
488149,51.94,0.41,0.540,3229,3.229,0.281,BAD
488800,51.94,0.39,0.537,3054,3.055,0.356,BAD
489452,51.88,0.64,0.568,3582,3.582,0.309,BAD
490104,51.88,0.39,0.536,3359,3.359,0.296,BAD
490756,51.88,0.42,0.541,3360,3.361,0.327,BAD
491408,51.88,0.39,0.541,3177,3.178,0.332,BAD
492060,51.88,0.60,0.556,3442,3.443,0.337,BAD
492712,51.88,0.40,0.538,3232,3.232,0.361,BAD
493364,51.88,0.57,0.559,3357,3.357,0.373,BAD
494016,51.88,0.43,0.542,3384,3.385,0.376,BAD
494668,51.81,0.48,0.548,3461,3.462,0.373,BAD
495320,51.81,0.51,0.546,3591,3.591,0.322,BAD
495972,51.81,0.48,0.550,3410,3.411,0.317,BAD
496624,51.81,0.53,0.551,3284,3.285,0.296,BAD
497276,51.75,0.51,0.548,3140,3.141,0.301,BAD
497928,51.75,0.58,0.560,2964,2.964,0.302,BAD
498580,51.75,0.58,0.560,12024,12.025,0.299,BAD
499233,51.75,0.51,0.556,2912,2.912,0.301,BAD
499885,51.75,0.55,0.555,2831,2.831,0.373,BAD
500537,51.75,0.43,0.547,2664,2.664,0.359,BAD
501189,51.75,0.41,0.544,2995,2.996,0.286,BAD
501841,51.69,0.56,0.555,2999,3.000,0.282,BAD
502493,51.69,0.45,0.543,12045,12.046,0.368,BAD
503145,51.69,0.53,0.551,3300,3.300,0.364,BAD
503797,51.69,0.44,0.541,2942,2.943,0.307,BAD
504449,51.69,0.39,0.544,3297,3.297,0.357,BAD
505101,51.69,0.35,0.543,2979,2.980,0.331,BAD
505753,51.69,0.44,0.548,2991,2.991,0.352,BAD
506405,51.69,0.33,0.533,3090,3.091,0.332,BAD
507057,51.63,0.67,0.565,8432,8.433,0.347,BAD
507709,51.63,0.54,0.550,2862,2.862,0.301,BAD
508361,51.63,0.48,0.551,3219,3.220,0.298,BAD
509013,51.63,0.60,0.558,1504,1.505,0.303,BAD
509665,51.63,0.68,0.567,3597,3.597,0.332,BAD
510317,51.63,0.34,0.530,2949,2.949,0.306,BAD
510969,51.56,0.34,0.532,3215,3.216,0.304,BAD
511621,51.56,0.40,0.539,3215,3.216,0.320,BAD
512273,51.56,0.53,0.555,3033,3.034,0.352,BAD
512925,51.56,0.48,0.549,3014,3.014,0.301,BAD
513577,51.50,0.41,0.538,3229,3.230,0.363,BAD
514230,51.56,0.36,0.540,2900,2.901,0.349,BAD
514882,51.50,0.62,0.559,3096,3.096,0.276,BAD
515534,51.50,0.43,0.544,3357,3.357,0.339,BAD
516186,51.50,0.31,0.536,2836,2.837,0.298,BAD
516838,51.50,0.53,0.550,2836,2.837,0.288,BAD
517490,51.50,0.53,0.550,3243,3.244,0.310,BAD
518142,51.50,0.41,0.543,2912,2.913,0.314,BAD
518794,51.50,0.42,0.543,3201,3.202,0.308,BAD
519446,51.44,0.45,0.542,3122,3.122,0.294,BAD
520099,51.44,0.47,0.542,3164,3.164,0.341,BAD
520751,51.44,0.47,0.547,3168,3.168,0.307,BAD
521403,51.44,0.40,0.537,3214,3.215,0.339,BAD
522055,51.44,0.70,0.565,3214,3.215,0.360,BAD
522707,51.38,0.38,0.535,3259,3.259,0.297,BAD
523359,51.38,0.69,0.570,3195,3.195,0.274,BAD
524012,51.38,0.39,0.540,3032,3.032,0.357,BAD
524664,51.38,0.44,0.543,2895,2.896,0.335,BAD
525316,51.38,0.24,0.525,3438,3.438,0.329,BAD
525968,51.38,0.50,0.551,3202,3.202,0.363,BAD
526620,51.38,0.51,0.554,3210,3.211,0.299,BAD
527272,51.38,0.51,0.546,9045,9.045,0.372,BAD
527924,51.31,0.42,0.542,3479,3.480,0.355,BAD
528577,51.31,0.47,0.547,3204,3.204,0.366,BAD
529229,51.31,0.51,0.555,3489,3.490,0.357,BAD
529881,51.31,0.77,0.566,2699,2.700,0.275,BAD
530533,51.31,0.60,0.561,3374,3.375,0.324,BAD
531185,51.31,0.53,0.549,3085,3.086,0.356,BAD
531837,51.25,0.39,0.542,3160,3.161,0.350,BAD
532490,51.25,0.59,0.556,2988,2.989,0.331,BAD
533142,51.25,0.33,0.533,3004,3.005,0.278,BAD
533794,51.25,0.62,0.563,3345,3.345,0.343,BAD
534446,51.25,0.28,0.530,3252,3.253,0.336,BAD
535098,51.25,0.40,0.541,3175,3.176,0.356,BAD
535750,51.25,0.48,0.546,2631,2.632,0.324,BAD
536403,51.19,0.58,0.559,3173,3.173,0.302,BAD
537055,51.19,0.53,0.548,2937,2.938,0.320,BAD
537707,51.19,0.34,0.532,3208,3.209,0.307,BAD
538359,51.19,0.43,0.542,3429,3.430,0.300,BAD
539012,51.19,0.48,0.546,2724,2.724,0.356,BAD
539664,51.19,0.37,0.540,222,0.222,0.369,BAD
540316,51.13,0.50,0.553,9806,9.807,0.364,BAD
540968,51.13,0.49,0.551,3045,3.046,0.316,BAD
541620,51.13,0.56,0.560,2412,2.412,0.318,BAD
542272,51.13,0.46,0.542,2412,2.412,0.278,BAD
542925,51.13,0.36,0.538,3184,3.184,0.348,BAD
543577,51.13,0.46,0.550,3156,3.157,0.367,BAD
544229,51.06,0.45,0.545,2673,2.674,0.290,BAD
544881,51.13,0.50,0.546,3320,3.320,0.295,BAD
545533,51.06,0.54,0.555,3148,3.149,0.357,BAD
546186,51.06,0.54,0.551,3086,3.086,0.289,BAD
546838,51.06,0.41,0.540,2977,2.978,0.319,BAD
547490,51.06,0.37,0.536,2146,2.147,0.303,BAD
548142,51.00,0.58,0.558,2767,2.768,0.290,BAD
548795,51.00,0.51,0.556,3037,3.038,0.353,BAD
549447,51.00,0.39,0.536,3299,3.299,0.339,BAD
550099,51.00,0.64,0.560,2994,2.995,0.351,BAD
550751,51.00,0.57,0.560,2610,2.610,0.342,BAD
551403,51.00,0.40,0.541,3066,3.067,0.303,BAD
552056,50.94,0.29,0.530,3478,3.478,0.331,BAD
552708,51.00,0.50,0.547,3637,3.638,0.293,BAD
553360,50.94,0.00,0.478,3215,3.216,0.298,BAD
554013,50.94,0.00,0.490,3362,3.362,0.313,BAD
554665,50.94,0.00,0.475,3150,3.150,0.363,BAD
555317,50.88,0.00,0.481,2578,2.578,0.278,BAD
555969,50.94,0.00,0.471,2740,2.741,0.354,BAD
556622,50.94,0.00,0.462,2683,2.684,0.346,BAD
557274,50.94,0.00,0.479,3148,3.149,0.315,BAD
557926,50.88,0.00,0.494,2923,2.924,0.313,BAD
558578,50.88,0.00,0.495,10505,10.506,0.308,BAD
559231,50.88,0.00,0.462,4390,4.390,0.289,BAD
559883,50.88,0.00,0.462,1383,1.384,0.343,BAD
560535,50.88,0.00,0.487,1557,1.557,0.336,BAD
561188,50.81,0.00,0.431,1788,1.789,0.273,BAD
561840,50.81,0.00,0.493,6566,6.566,0.279,BAD
562492,50.81,0.00,0.472,2877,2.877,0.344,BAD
563144,50.81,0.10,0.502,3550,3.550,0.318,BAD
563797,50.81,0.00,0.477,3672,3.673,0.308,BAD
564449,50.75,0.13,0.511,1864,1.864,0.272,BAD
565101,50.81,0.00,0.475,4259,4.260,0.244,BAD
565754,50.75,0.00,0.482,4838,4.838,0.281,BAD
566406,50.81,0.00,0.454,4020,4.021,0.311,BAD
567058,50.75,0.00,0.449,4951,4.951,0.275,BAD
567710,50.75,0.48,0.549,2356,2.357,0.279,BAD
568362,50.75,0.00,0.483,2346,2.347,0.324,BAD
569015,50.69,0.00,0.484,3822,3.823,0.358,BAD
569667,50.69,0.00,0.492,3754,3.755,0.344,BAD
570319,50.69,0.00,0.459,2848,2.848,0.297,BAD
570971,50.75,0.00,0.463,6724,6.725,0.299,BAD
571624,50.69,0.00,0.467,5493,5.494,0.303,BAD
572276,50.69,0.00,0.464,3716,3.716,0.332,BAD
572928,50.69,0.07,0.503,4287,4.287,0.344,BAD
573580,50.63,0.00,0.482,11974,11.974,0.287,BAD
574233,50.63,0.00,0.473,3758,3.759,0.335,BAD
574885,50.63,0.00,0.472,6148,6.148,0.322,BAD
575537,50.63,0.00,0.458,10067,10.068,0.359,BAD
576190,50.63,0.25,0.531,3635,3.636,0.330,BAD
576842,50.63,0.45,0.546,3199,3.200,0.327,BAD
577494,50.56,0.29,0.530,2922,2.922,0.336,BAD
578147,50.56,0.13,0.512,3010,3.011,0.340,BAD
578799,50.56,0.23,0.523,2890,2.891,0.329,BAD
579451,50.56,0.30,0.531,3046,3.046,0.339,BAD
580103,50.50,0.19,0.514,3233,3.233,0.355,BAD
580756,50.50,0.19,0.514,3079,3.080,0.364,BAD
581408,50.50,0.31,0.532,3079,3.080,0.289,BAD
582060,50.50,0.18,0.521,2798,2.799,0.305,BAD
582713,50.50,0.22,0.529,3613,3.614,0.351,BAD
583365,50.50,0.37,0.539,3353,3.353,0.301,BAD
584017,50.50,0.27,0.530,3239,3.239,0.331,BAD
584669,50.50,0.22,0.523,3143,3.144,0.273,BAD
585322,50.50,0.21,0.518,3388,3.389,0.300,BAD
585974,50.44,0.25,0.523,3533,3.533,0.282,BAD
586626,50.44,0.33,0.531,3253,3.253,0.319,BAD
587278,50.44,0.05,0.509,3148,3.148,0.326,BAD
587931,50.44,0.33,0.528,3258,3.258,0.343,BAD
588583,50.44,0.25,0.530,3452,3.452,0.287,BAD
589235,50.44,0.13,0.522,2993,2.993,0.281,BAD
589887,50.44,0.51,0.547,3242,3.242,0.299,BAD
590540,50.44,0.27,0.529,3487,3.487,0.365,BAD
591192,50.38,0.29,0.528,3062,3.063,0.308,BAD
591844,50.38,0.19,0.523,3377,3.378,0.294,BAD
592497,50.38,0.12,0.510,3257,3.258,0.354,BAD
593149,50.38,0.26,0.528,9535,9.536,0.290,BAD
593801,50.38,0.20,0.514,3021,3.021,0.355,BAD
594453,50.38,0.13,0.514,3225,3.226,0.342,BAD
595106,50.31,0.43,0.544,3191,3.192,0.337,BAD
595758,50.38,0.23,0.508,11279,11.279,0.321,BAD
596411,50.31,0.28,0.524,3335,3.336,0.287,BAD
597063,50.31,0.19,0.523,3512,3.513,0.353,BAD
597715,50.31,0.19,0.512,754,0.754,0.326,BAD
598367,50.25,0.46,0.545,12997,12.998,0.359,BAD
599020,50.25,0.27,0.531,3317,3.318,0.314,BAD
599672,50.25,0.31,0.527,3369,3.369,0.309,BAD
600324,50.25,0.27,0.530,3482,3.482,0.367,BAD
600977,50.25,0.32,0.528,3511,3.512,0.286,BAD
601629,50.25,0.10,0.511,3239,3.239,0.323,BAD
602281,50.25,0.12,0.519,3230,3.230,0.350,BAD
602934,50.25,0.31,0.529,3332,3.333,0.357,BAD
603586,50.19,0.29,0.533,3426,3.427,0.314,BAD
604238,50.19,0.35,0.533,3674,3.674,0.317,BAD
604891,50.19,0.27,0.524,3371,3.371,0.355,BAD
605543,50.19,0.13,0.511,3549,3.550,0.293,BAD
606195,50.19,0.50,0.551,3722,3.722,0.319,BAD
606848,50.19,0.47,0.550,3856,3.856,0.310,BAD
607500,50.13,0.49,0.552,8527,8.528,0.332,BAD
608152,50.13,0.14,0.512,3235,3.236,0.345,BAD
608805,50.13,0.30,0.535,3241,3.242,0.279,BAD
609457,50.13,0.46,0.544,2984,2.985,0.341,BAD
610109,50.13,0.36,0.532,3153,3.153,0.296,BAD
610762,50.13,0.28,0.525,3010,3.010,0.344,BAD
611414,50.13,0.33,0.530,2894,2.894,0.291,BAD
